_id,brand,name,style,alcohol,country,age,imageUrl,amazon,rakuten
whisky00001,イチローズモルト,イチローズモルト ホワイトラベル,モルト&グレーン,46,JAPANESE,0,https://lh3.googleusercontent.com/pw/ACtC-3cNy3ugSzqQkZyKyoOJN0aNwblIWhtt3NeT5_ETzgnfjGqpegOwKazcJTSROr8gt88mWnvaAI8vTYxJXk4SvddOI7nnwDkIPEXt_0QueDxDa6hR6JQhP7nmZN20sA_0Mb38S83ULPgLCS8x6T2RG_PV=w200-h500-no?authuser=2,https://amzn.to/308RJ2R,https://hb.afl.rakuten.co.jp/ichiba/1d09c097.6686d503.1d09c098.c779b59d/_RTLink11030?pc=https%3A%2F%2Fproduct.rakuten.co.jp%2Fproduct%2F-%2F9ad8e537f63e2d0b6c6e113690444857%2F&link_type=hybrid_url&ut=eyJwYWdlIjoiaXRlbSIsInR5cGUiOiJoeWJyaWRfdXJsIiwic2l6ZSI6IjI0MHgyNDAiLCJuYW0iOjEsIm5hbXAiOiJyaWdodCIsImNvbSI6MSwiY29tcCI6ImRvd24iLCJwcmljZSI6MCwiYm9yIjoxLCJjb2wiOjEsImJidG4iOjEsInByb2QiOjEsImFtcCI6ZmFsc2V9
whisky00002,知多,知多,シングルグレーン,43,JAPANESE,0,https://lh3.googleusercontent.com/pw/ACtC-3d3NP4zGjzMQqMMXk9bbB9yn3AtQMFQ1vucpO5JD8Vhm10kgxO4UMyk7tk7LgCKaCzIrl7Q0AD3WDudUKI9gER7X96BL22K20LkA_3WOtTIz6JPzXbCTG7VfZHS12YSz2_nx2c-J-f_dUq3XpUl_nrC=w200-h500-no?authuser=2,https://amzn.to/3mOMfUu,https://hb.afl.rakuten.co.jp/ichiba/1d09c097.6686d503.1d09c098.c779b59d/_RTLink11030?pc=https%3A%2F%2Fproduct.rakuten.co.jp%2Fproduct%2F-%2Ffbd8d6106de2a27ad05558354934220f%2F&link_type=hybrid_url&ut=eyJwYWdlIjoiaXRlbSIsInR5cGUiOiJoeWJyaWRfdXJsIiwic2l6ZSI6IjI0MHgyNDAiLCJuYW0iOjEsIm5hbXAiOiJyaWdodCIsImNvbSI6MSwiY29tcCI6ImRvd24iLCJwcmljZSI6MCwiYm9yIjoxLCJjb2wiOjEsImJidG4iOjEsInByb2QiOjEsImFtcCI6ZmFsc2V9
whisky00003,角瓶,角瓶,モルト&グレーン,40,JAPANESE,0,https://lh3.googleusercontent.com/pw/ACtC-3eyETW4pDVfkdVHVuYuSQomLhTo-4bVbkPWOCkGwUcF2_ALKD2II6mD5beiLngLO5r7WqCdMLFTFJdP49ughXIKOnxgIVzELZC50yfukZhrVod4Mqa0sDJ1pF_KZEWENCemdo8gZ8EVhtyKQpZ9BqcV=w200-h500-no?authuser=2,https://amzn.to/2RYIIEX,https://hb.afl.rakuten.co.jp/ichiba/1d09c097.6686d503.1d09c098.c779b59d/_RTLink11030?pc=https%3A%2F%2Fproduct.rakuten.co.jp%2Fproduct%2F-%2Fc7c98603fff8c72a3c1f459ab6e937d3%2F&link_type=hybrid_url&ut=eyJwYWdlIjoiaXRlbSIsInR5cGUiOiJoeWJyaWRfdXJsIiwic2l6ZSI6IjI0MHgyNDAiLCJuYW0iOjEsIm5hbXAiOiJyaWdodCIsImNvbSI6MSwiY29tcCI6ImRvd24iLCJwcmljZSI6MCwiYm9yIjoxLCJjb2wiOjAsImJidG4iOjEsInByb2QiOjEsImFtcCI6ZmFsc2V9
whisky00004,山崎,山崎,シングルモルト,43,JAPANESE,0,https://lh3.googleusercontent.com/pw/ACtC-3eOUamXfQrdix6imy0ZXI6G-D7IenfDTBKtTmbwDTIZ5OBk3D2UTvJlLVaxohN0prxCYPj088mK9D773Xs2nFH5Tm1o9zKYvwuWIxyHpUvYRmscSXRljcJYqeyRTbbBpN6jAlw5vK1OuCl1F7W3CZPX=w200-h500-no?authuser=2,https://amzn.to/2S1ir96,https://hb.afl.rakuten.co.jp/ichiba/1d09c097.6686d503.1d09c098.c779b59d/_RTLink11030?pc=https%3A%2F%2Fproduct.rakuten.co.jp%2Fproduct%2F-%2Fbd6d5efc2c58868da51bab12d272b686%2F&link_type=hybrid_url&ut=eyJwYWdlIjoiaXRlbSIsInR5cGUiOiJoeWJyaWRfdXJsIiwic2l6ZSI6IjI0MHgyNDAiLCJuYW0iOjEsIm5hbXAiOiJyaWdodCIsImNvbSI6MSwiY29tcCI6ImRvd24iLCJwcmljZSI6MCwiYm9yIjoxLCJjb2wiOjAsImJidG4iOjEsInByb2QiOjEsImFtcCI6ZmFsc2V9
whisky00005,白州,白州,シングルモルト,43,JAPANESE,0,https://lh3.googleusercontent.com/pw/ACtC-3esGUdt9ZAnyTtA2wCePDoFyjad0L3JZFRgLPw5iphHIAIRbclfPeDz54xPbtP5TBqNULXbwCDxbjw4oaYdXSxdZzKZFaOAGq8u5E6Xc4Dp-NH8OHMVmklesO9OAuqGbA0oZXfJ_m68e0pnhzbDAq2Y=w200-h500-no?authuser=2,https://amzn.to/2EwH3mO,https://hb.afl.rakuten.co.jp/ichiba/1d09c097.6686d503.1d09c098.c779b59d/_RTLink11030?pc=https%3A%2F%2Fproduct.rakuten.co.jp%2Fproduct%2F-%2F1f2e7b267dd58ae549fec0fed895a4a5%2F&link_type=hybrid_url&ut=eyJwYWdlIjoiaXRlbSIsInR5cGUiOiJoeWJyaWRfdXJsIiwic2l6ZSI6IjI0MHgyNDAiLCJuYW0iOjEsIm5hbXAiOiJyaWdodCIsImNvbSI6MSwiY29tcCI6ImRvd24iLCJwcmljZSI6MCwiYm9yIjoxLCJjb2wiOjAsImJidG4iOjEsInByb2QiOjEsImFtcCI6ZmFsc2V9
whisky00006,響,響ジャパニーズハーモニー,モルト&グレーン,43,JAPANESE,0,https://lh3.googleusercontent.com/pw/ACtC-3fF1LQfCLz05X9yPgYDkl_ijlW4sKf8LWbRADg85NKMEO89v0mYcoIZhHeH1g_XASCKrhI0-eeXnEIQKKbZMhK-kwwX_x1Z_w7XskmTwxEGl8zqCzubY80YcVIYhW0ShZCdicPpO8rfqhoEqfgJ0lhr=w200-h500-no?authuser=2,https://amzn.to/330kHUd,https://hb.afl.rakuten.co.jp/ichiba/1d09c097.6686d503.1d09c098.c779b59d/_RTLink11030?pc=https%3A%2F%2Fproduct.rakuten.co.jp%2Fproduct%2F-%2Fd4a584bc6400ebd8bdbca19a8935902b%2F&link_type=hybrid_url&ut=eyJwYWdlIjoiaXRlbSIsInR5cGUiOiJoeWJyaWRfdXJsIiwic2l6ZSI6IjI0MHgyNDAiLCJuYW0iOjEsIm5hbXAiOiJyaWdodCIsImNvbSI6MSwiY29tcCI6ImRvd24iLCJwcmljZSI6MCwiYm9yIjoxLCJjb2wiOjAsImJidG4iOjEsInByb2QiOjEsImFtcCI6ZmFsc2V9
whisky00007,MACALLAN(マッカラン),ザ マッカラン 25年,シングルモルト,43,SCOTCH,25,https://lh3.googleusercontent.com/pw/ACtC-3f_CZQrGChf98caLMF7QtfIndn7FOy9boqb5Ige2Jqk2yli-gWUdP7Jf_nA-rs_yoTVCNaOliXlkUSUNU_BC0Oz_pgOMa4mKTc6TVcPi6RkdkDAq8JqJU-uVpY9hhDBRAzU_IDyaOl761VJPERRNuIw=w200-h500-no?authuser=2,https://amzn.to/3mRm53s,https://hb.afl.rakuten.co.jp/ichiba/1d09c097.6686d503.1d09c098.c779b59d/_RTLink11030?pc=https%3A%2F%2Fproduct.rakuten.co.jp%2Fproduct%2F-%2Feb61f03a2dfa9db9538f29414ee13eba%2F&link_type=hybrid_url&ut=eyJwYWdlIjoiaXRlbSIsInR5cGUiOiJoeWJyaWRfdXJsIiwic2l6ZSI6IjI0MHgyNDAiLCJuYW0iOjEsIm5hbXAiOiJyaWdodCIsImNvbSI6MSwiY29tcCI6ImRvd24iLCJwcmljZSI6MCwiYm9yIjoxLCJjb2wiOjAsImJidG4iOjEsInByb2QiOjEsImFtcCI6ZmFsc2V9
whisky00008,JAMESON (ジェムソン),ジェムソン スタンダード,モルト&グレーン,40,SCOTCH,0,https://lh3.googleusercontent.com/pw/ACtC-3cWBmobsoIlX2ERwp0-ApVl9-GHijtNDLbo_vgEuyIXEmehYJDq85xw-nyodhO-ajEJ2ff6CkX1n4IUeP7gFczzHYaMPZ8sz5Prcpcu2dZyoctFmgRmIxe5WgfGP5TkLtXIb9F4QzTPoOP261KNo0Hr=w200-h500-no?authuser=2,https://amzn.to/2S1vpDJ,https://hb.afl.rakuten.co.jp/ichiba/1d09c097.6686d503.1d09c098.c779b59d/_RTLink11030?pc=https%3A%2F%2Fproduct.rakuten.co.jp%2Fproduct%2F-%2Fb6ee5c30f09bad5ee360853019086443%2F&link_type=hybrid_url&ut=eyJwYWdlIjoiaXRlbSIsInR5cGUiOiJoeWJyaWRfdXJsIiwic2l6ZSI6IjI0MHgyNDAiLCJuYW0iOjEsIm5hbXAiOiJyaWdodCIsImNvbSI6MSwiY29tcCI6ImRvd24iLCJwcmljZSI6MCwiYm9yIjoxLCJjb2wiOjAsImJidG4iOjEsInByb2QiOjEsImFtcCI6ZmFsc2V9
whisky00009,WHITE HORSE(ホワイトホース),ホワイトホース ファインオールド,モルト&グレーン,40,SCOTCH,0,https://lh3.googleusercontent.com/pw/ACtC-3c5EjlUoXUxC100QPhut5lb7-wRlFtmUiBY7q5t6zfp_wfGA0uPguGqHRT-uJR3s388gA1q5_g2O2yEResxXvfoR2kjQOAqZA1mhz3Q_zjPcKKJZOasVImCmHxt24x6LQr6Wh0_ALao8hZN2BkgMwPJ=w200-h500-no?authuser=2,https://amzn.to/3j84F02,https://hb.afl.rakuten.co.jp/ichiba/1d09c097.6686d503.1d09c098.c779b59d/_RTLink11030?pc=https%3A%2F%2Fproduct.rakuten.co.jp%2Fproduct%2F-%2F56a7e2355074bd22afd00f67b16c16e5%2F&link_type=hybrid_url&ut=eyJwYWdlIjoiaXRlbSIsInR5cGUiOiJoeWJyaWRfdXJsIiwic2l6ZSI6IjI0MHgyNDAiLCJuYW0iOjEsIm5hbXAiOiJyaWdodCIsImNvbSI6MSwiY29tcCI6ImRvd24iLCJwcmljZSI6MCwiYm9yIjoxLCJjb2wiOjAsImJidG4iOjEsInByb2QiOjEsImFtcCI6ZmFsc2V9
whisky00010,竹鶴,竹鶴 ピュアモルト,ブレンデッドモルト,43,JAPANESE,0,https://lh3.googleusercontent.com/pw/ACtC-3fvMZkOwA_4bGQNQsTt_dzumKd-af8FdCEnYz9Wz01oIUIQ4xVAyN7f7vi0fSlWPa1bNuca217tZhbm_ykPWbvVe5uVpCZQpjvq0sW7LASvGPRLOiTD5LHSi0tZHYGyILcWqRUsDc0DKBYM46Bcr90Q=w200-h500-no?authuser=2,https://amzn.to/30aibJj,https://hb.afl.rakuten.co.jp/ichiba/1d09c097.6686d503.1d09c098.c779b59d/_RTLink11030?pc=https%3A%2F%2Fproduct.rakuten.co.jp%2Fproduct%2F-%2F09743c8dcb39836bb8dd60b3fa6d7ccd%2F&link_type=hybrid_url&ut=eyJwYWdlIjoiaXRlbSIsInR5cGUiOiJoeWJyaWRfdXJsIiwic2l6ZSI6IjI0MHgyNDAiLCJuYW0iOjEsIm5hbXAiOiJyaWdodCIsImNvbSI6MSwiY29tcCI6ImRvd24iLCJwcmljZSI6MCwiYm9yIjoxLCJjb2wiOjAsImJidG4iOjEsInByb2QiOjEsImFtcCI6ZmFsc2V9
whisky00011,CANADIAN CLUB(カナディアンクラブ),カナディアンクラブ,モルト&グレーン,40,CANADIAN,0,https://lh3.googleusercontent.com/pw/ACtC-3fWwhRFiUtTD-N3GXRrya9TProOxi1dW1vESe203o63f19M3rb8GiZQ2ids7kMN7Q-RTZACSV1kwjLgGPk1okxlqt5eC108MTZKuTipU2gER7gPHbRrxEG-o0hKnk5RByVay5s9rTI5ZtTyiQp3nVD9=w200-h500-no?authuser=2,https://amzn.to/2Gcd0kS,https://hb.afl.rakuten.co.jp/ichiba/1d09c097.6686d503.1d09c098.c779b59d/_RTLink11030?pc=https%3A%2F%2Fproduct.rakuten.co.jp%2Fproduct%2F-%2F970c7da3e4aa2a2b508c90516b37ea32%2F&link_type=hybrid_url&ut=eyJwYWdlIjoiaXRlbSIsInR5cGUiOiJoeWJyaWRfdXJsIiwic2l6ZSI6IjI0MHgyNDAiLCJuYW0iOjEsIm5hbXAiOiJyaWdodCIsImNvbSI6MSwiY29tcCI6ImRvd24iLCJwcmljZSI6MCwiYm9yIjoxLCJjb2wiOjAsImJidG4iOjEsInByb2QiOjEsImFtcCI6ZmFsc2V9
whisky00012,MAKER'S MARK(メーカーズマーク),メーカーズマーク,モルト&グレーン,45,AMERICAN,0,https://lh3.googleusercontent.com/pw/ACtC-3c5B2krfRkwh8xgUKQYgnRejI_XeOEe9Z5W5J7kRmeqISYgvFGgOdmj3xNtNn4IaEZEjwaEBz2RYUtHCizW0dzmfNEFGoFx455-foO6df7xq4sMMVeP13gFtYLBp0q5SbAaDykg5QQjz2a3ybLO3S1o=w200-h500-no?authuser=2,https://amzn.to/3i6VNqm,https://hb.afl.rakuten.co.jp/ichiba/1d09c097.6686d503.1d09c098.c779b59d/_RTLink11030?pc=https%3A%2F%2Fproduct.rakuten.co.jp%2Fproduct%2F-%2F98ce1dc7d258ed5838c40cd4bf845c55%2F&link_type=hybrid_url&ut=eyJwYWdlIjoiaXRlbSIsInR5cGUiOiJoeWJyaWRfdXJsIiwic2l6ZSI6IjI0MHgyNDAiLCJuYW0iOjEsIm5hbXAiOiJyaWdodCIsImNvbSI6MSwiY29tcCI6ImRvd24iLCJwcmljZSI6MCwiYm9yIjoxLCJjb2wiOjAsImJidG4iOjEsInByb2QiOjEsImFtcCI6ZmFsc2V9
whisky00013,JIM BEAM(ジムビーム),ジムビーム,モルト&グレーン,40,AMERICAN,0,https://lh3.googleusercontent.com/pw/ACtC-3euDzJz-oLG8ofrTiODO9vJg7Jpy1MTuIS0-ukHAhRtXYgPslRbKFgeDFRmgu-N_zSYCOtWu7h3VacJWkTRwbOhfLhSDCp3UuB4BHMtgK-FUYK4-qHeC6k21zjFZ8Mf0fuC7jPYj4r-4A21lgrBztC0=w200-h500-no?authuser=2,https://amzn.to/36bKTNI,https://hb.afl.rakuten.co.jp/ichiba/1d09c097.6686d503.1d09c098.c779b59d/_RTLink11030?pc=https%3A%2F%2Fproduct.rakuten.co.jp%2Fproduct%2F-%2F6a8d8e03b1d2b1f30784a52cc406b100%2F&link_type=hybrid_url&ut=eyJwYWdlIjoiaXRlbSIsInR5cGUiOiJoeWJyaWRfdXJsIiwic2l6ZSI6IjI0MHgyNDAiLCJuYW0iOjEsIm5hbXAiOiJyaWdodCIsImNvbSI6MSwiY29tcCI6ImRvd24iLCJwcmljZSI6MCwiYm9yIjoxLCJjb2wiOjAsImJidG4iOjEsInByb2QiOjEsImFtcCI6ZmFsc2V9
whisky00014,ジャックダニエル,ジャック・ダニエル ブラック,モルト&グレーン,40,AMERICAN,0,https://lh3.googleusercontent.com/pw/ACtC-3fl2fSJm5d29ijOuKcF9nNBJnc1CJuYsA_K-pFC9qqZHU0kMJtGRNi9wj6ayIXz_ffcTvn8ZzGDAXrW-2O4XZMx6X0faVRPyDUQ_CF1jgwKMiCeGm8thxzUb__Okvtke-Zc4AZ6aVZia1IGHSZEFT1V=w200-h500-no?authuser=2,https://amzn.to/3i60dhf,https://hb.afl.rakuten.co.jp/ichiba/1d09c097.6686d503.1d09c098.c779b59d/_RTLink11030?pc=https%3A%2F%2Fproduct.rakuten.co.jp%2Fproduct%2F-%2F6fe172f32a19f86e3f438806127a7f84%2F&link_type=hybrid_url&ut=eyJwYWdlIjoiaXRlbSIsInR5cGUiOiJoeWJyaWRfdXJsIiwic2l6ZSI6IjI0MHgyNDAiLCJuYW0iOjEsIm5hbXAiOiJyaWdodCIsImNvbSI6MSwiY29tcCI6ImRvd24iLCJwcmljZSI6MCwiYm9yIjoxLCJjb2wiOjAsImJidG4iOjEsInByb2QiOjEsImFtcCI6ZmFsc2V9
whisky00015,Douglas Laing(ダグラスレイン),ダグラスレイン ビック ビート,ブレンデッドモルト,46,SCOTCH,0,https://lh3.googleusercontent.com/pw/ACtC-3cbFWxNhgA2RYbbTf2Nf6MlEvWLMiHxsZhViq1MLhE6fIKvkHQPvhEUWCAj3OOwlsGbo67wunJDqu8Si_tUntsXNay6fBZWtI2OcOY0ON2g9xV3Ac00-U0klmSSQViOz39q24aWoikqhHzqnfvprdU2=w200-h500-no?authuser=2,https://amzn.to/3342LYQ,https://hb.afl.rakuten.co.jp/ichiba/1d09c097.6686d503.1d09c098.c779b59d/_RTLink11030?pc=https%3A%2F%2Fproduct.rakuten.co.jp%2Fproduct%2F-%2F9b2e7c97d63cdb413d0843839b3627d1%2F&link_type=hybrid_url&ut=eyJwYWdlIjoiaXRlbSIsInR5cGUiOiJoeWJyaWRfdXJsIiwic2l6ZSI6IjI0MHgyNDAiLCJuYW0iOjEsIm5hbXAiOiJyaWdodCIsImNvbSI6MSwiY29tcCI6ImRvd24iLCJwcmljZSI6MCwiYm9yIjoxLCJjb2wiOjAsImJidG4iOjEsInByb2QiOjEsImFtcCI6ZmFsc2V9
whisky00016,JOHNNIE WALKER(ジョニーウォーカー),ジョニーウォーカー レッドラベル,モルト&グレーン,40,SCOTCH,0,https://lh3.googleusercontent.com/pw/ACtC-3cM1fiKeTCmUBCuTy_ei74J25-zMxmQvvZ3glxV_OysMnrXxBeLO6nPxasY4zpKUYOFh7WiXgmEj47N21LLT7HG3Qi5ygkbJyrkNMmocN2UK5x9P8soGkefwjOxrSgjSmKAG9eBPjIONN09Ob47w8rm=w200-h500-no?authuser=2,https://amzn.to/2HtxKVS,https://hb.afl.rakuten.co.jp/ichiba/1d09c097.6686d503.1d09c098.c779b59d/_RTLink11030?pc=https%3A%2F%2Fproduct.rakuten.co.jp%2Fproduct%2F-%2F0064b32fa81154f4ada175a756be8861%2F&link_type=hybrid_url&ut=eyJwYWdlIjoiaXRlbSIsInR5cGUiOiJoeWJyaWRfdXJsIiwic2l6ZSI6IjI0MHgyNDAiLCJuYW0iOjEsIm5hbXAiOiJyaWdodCIsImNvbSI6MSwiY29tcCI6ImRvd24iLCJwcmljZSI6MCwiYm9yIjoxLCJjb2wiOjAsImJidG4iOjEsInByb2QiOjEsImFtcCI6ZmFsc2V9
whisky00017,JOHNNIE WALKER(ジョニーウォーカー),ジョニーウォーカー ブラックラベル,モルト&グレーン,40,SCOTCH,12,https://lh3.googleusercontent.com/pw/ACtC-3ftX5ezcsV0aZ9gt7h18wBjZeTpu5sjWIBtKjsI7B61uSDWYOaTRPq8QuK6pjQjaxkwJrACU_ZsKwoIZ9S2oofAxejIIsagfi_ZlrUvr2bsqBEsmUzMknF8Tm4YrKWaEa8L1ZyxOqoQa9Z10Vkwdqg6=w200-h500-no?authuser=2,https://amzn.to/3l3XLd9,https://hb.afl.rakuten.co.jp/ichiba/1d09c097.6686d503.1d09c098.c779b59d/_RTLink11030?pc=https%3A%2F%2Fproduct.rakuten.co.jp%2Fproduct%2F-%2F804dcb1d6ac2fec28fe85c56ef5470b2%2F&link_type=hybrid_url&ut=eyJwYWdlIjoiaXRlbSIsInR5cGUiOiJoeWJyaWRfdXJsIiwic2l6ZSI6IjI0MHgyNDAiLCJuYW0iOjEsIm5hbXAiOiJyaWdodCIsImNvbSI6MSwiY29tcCI6ImRvd24iLCJwcmljZSI6MCwiYm9yIjoxLCJjb2wiOjAsImJidG4iOjEsInByb2QiOjEsImFtcCI6ZmFsc2V9
whisky00018,GLENFIDDICH(グレンフィディック),グレンフィディック12年,シングルモルト,40,SCOTCH,12,https://lh3.googleusercontent.com/pw/ACtC-3eWnSSyvXxp9SBnVDvDNkOgxJjzWkhmC81Y2IYNuhwiLtVFVGPZOgmU4kliEmn_udgZJ948XYH0YrYyI5SY0YFmyVkN6gR9PUUfHrMCEKGlCqPYEbp2kWA0pObF_tiW9pkRnk4K5my5SXJljEnoq4Zz=w200-h500-no?authuser=2,https://amzn.to/3mSCnch,https://hb.afl.rakuten.co.jp/ichiba/1d09c097.6686d503.1d09c098.c779b59d/_RTLink11030?pc=https%3A%2F%2Fproduct.rakuten.co.jp%2Fproduct%2F-%2Fff616e7071bcede5b94bda83d4fc2245%2F&link_type=hybrid_url&ut=eyJwYWdlIjoiaXRlbSIsInR5cGUiOiJoeWJyaWRfdXJsIiwic2l6ZSI6IjI0MHgyNDAiLCJuYW0iOjEsIm5hbXAiOiJyaWdodCIsImNvbSI6MSwiY29tcCI6ImRvd24iLCJwcmljZSI6MCwiYm9yIjoxLCJjb2wiOjAsImJidG4iOjEsInByb2QiOjEsImFtcCI6ZmFsc2V9
whisky00019,BALBLAIR(バルブレア),バルブレア 12年,ブレンデッドモルト,46,SCOTCH,12,https://lh3.googleusercontent.com/pw/ACtC-3cxdteInWjv060sX_7H3ggsQ08WoucYjqwpKMXEvFnLbIqlSp17Loy0m-MO0EdC2d6yNdgzBmZvMaocn-uwSKAoTmhYIqA_NjEL8QPBygo3MwaRFcmjpVkvxvo46qQ5rPCVFv3w9-el5P63Bi2Ze29G=w200-h500-no?authuser=2,https://amzn.to/3i9h4Qd,https://hb.afl.rakuten.co.jp/ichiba/1d09c097.6686d503.1d09c098.c779b59d/_RTLink11030?pc=https%3A%2F%2Fproduct.rakuten.co.jp%2Fproduct%2F-%2F9d364c47b814aa05ac42392371b22f23%2F&link_type=hybrid_url&ut=eyJwYWdlIjoiaXRlbSIsInR5cGUiOiJoeWJyaWRfdXJsIiwic2l6ZSI6IjI0MHgyNDAiLCJuYW0iOjEsIm5hbXAiOiJyaWdodCIsImNvbSI6MSwiY29tcCI6ImRvd24iLCJwcmljZSI6MCwiYm9yIjoxLCJjb2wiOjAsImJidG4iOjEsInByb2QiOjEsImFtcCI6ZmFsc2V9
whisky00020,Glenmorangie(グレンモーレンジィ),グレンモーレンジィ オリジナル,シングルモルト,40,SCOTCH,10,https://lh3.googleusercontent.com/pw/ACtC-3dRst7oH9kcBUqG4XdHydTWTVeo4QbuSM1Dhn8S30u8wK_N-dVWDr6Hy6KF-i2c049jelzsqVkHHLwN5-PaCRKsY0CncIPlkXQ7NVVfZvw5TVNeOGbdvMB6W1vM767cF1Su0az8wead5dnEui0nz7Vc=w200-h500-no?authuser=2,https://amzn.to/3n3HeaX,https://hb.afl.rakuten.co.jp/ichiba/1d26258c.330b76c8.1d26258d.0aa71da1/_RTLink11030?pc=https%3A%2F%2Fitem.rakuten.co.jp%2Fyunyuusyu%2F79815%2F&link_type=hybrid_url&ut=eyJwYWdlIjoiaXRlbSIsInR5cGUiOiJoeWJyaWRfdXJsIiwic2l6ZSI6IjI0MHgyNDAiLCJuYW0iOjEsIm5hbXAiOiJyaWdodCIsImNvbSI6MSwiY29tcCI6ImRvd24iLCJwcmljZSI6MCwiYm9yIjoxLCJjb2wiOjAsImJidG4iOjEsInByb2QiOjAsImFtcCI6ZmFsc2V9
whisky00021,BOWMORE(ボウモア),ボウモア 12年,シングルモルト,40,SCOTCH,12,https://lh3.googleusercontent.com/pw/ACtC-3ebh5q_rEAvtt8u6KrHFQXofgdOxEy2Sno6p-PN468X2S3W3qnFaZp-qujQEawtwV7YKKAI8K8TdfXjamACDUsar53B9sLG5K4dPHiPUeYpUibQ0yQz7HEO1hXVdMSO2bcj-UXW1UzEwYEtfsxS-AGG=w200-h500-no?authuser=2,https://amzn.to/2S0FLUb,https://hb.afl.rakuten.co.jp/ichiba/1d09c097.6686d503.1d09c098.c779b59d/_RTLink11030?pc=https%3A%2F%2Fproduct.rakuten.co.jp%2Fproduct%2F-%2Fe9e0868452d3c4f7b0b377181fa61f58%2F&link_type=hybrid_url&ut=eyJwYWdlIjoiaXRlbSIsInR5cGUiOiJoeWJyaWRfdXJsIiwic2l6ZSI6IjI0MHgyNDAiLCJuYW0iOjEsIm5hbXAiOiJyaWdodCIsImNvbSI6MSwiY29tcCI6ImRvd24iLCJwcmljZSI6MCwiYm9yIjoxLCJjb2wiOjAsImJidG4iOjEsInByb2QiOjEsImFtcCI6ZmFsc2V9
whisky00022,LAPHROAIG(ラフロイグ),ラフロイグ 10年,シングルモルト,40,SCOTCH,10,https://lh3.googleusercontent.com/pw/ACtC-3f1f4EgPeSSeosbYH4ZJOxfSXD3g16ejYGtXotdkiLViZWMQtce2iCIEMeEhz0rBf8KfK6AArjAQ_i6rLIWQBoHh6tEHd2ibScbHzHj8Cpy-vP_BIbpj4iE5Oz0JUKEVsggdtO0cR5SXZeQmPY93kYu=w200-h500-no?authuser=2,https://amzn.to/3kP6648,https://hb.afl.rakuten.co.jp/ichiba/1d09c097.6686d503.1d09c098.c779b59d/_RTLink11030?pc=https%3A%2F%2Fproduct.rakuten.co.jp%2Fproduct%2F-%2F73a0b6dd7ca9deccebd9bfe001eaebb3%2F&link_type=hybrid_url&ut=eyJwYWdlIjoiaXRlbSIsInR5cGUiOiJoeWJyaWRfdXJsIiwic2l6ZSI6IjI0MHgyNDAiLCJuYW0iOjEsIm5hbXAiOiJyaWdodCIsImNvbSI6MSwiY29tcCI6ImRvd24iLCJwcmljZSI6MCwiYm9yIjoxLCJjb2wiOjAsImJidG4iOjEsInByb2QiOjEsImFtcCI6ZmFsc2V9
whisky00023,Talisker(タリスカー),タリスカー 10年,シングルモルト,46,SCOTCH,10,https://lh3.googleusercontent.com/pw/ACtC-3cZ9BtiVT28_733I9KrHzNSVdHF-I4m6WiOHvuEZywWl4QT_oNkalrE6lX9Clzq_7lBvNZdqSkLGiOLG10shpR7Qu12ZMnoXI7GNfdlzsdgNO-cLUBYepoidl_skSYqajKS_HzYkUBBsyqePW7admaN=w200-h500-no?authuser=2,https://amzn.to/2Gdeewo,https://hb.afl.rakuten.co.jp/ichiba/1d09c097.6686d503.1d09c098.c779b59d/_RTLink11030?pc=https%3A%2F%2Fproduct.rakuten.co.jp%2Fproduct%2F-%2F734749192b08aa8f3ed318aeb185ae39%2F&link_type=hybrid_url&ut=eyJwYWdlIjoiaXRlbSIsInR5cGUiOiJoeWJyaWRfdXJsIiwic2l6ZSI6IjI0MHgyNDAiLCJuYW0iOjEsIm5hbXAiOiJyaWdodCIsImNvbSI6MSwiY29tcCI6ImRvd24iLCJwcmljZSI6MCwiYm9yIjoxLCJjb2wiOjAsImJidG4iOjEsInByb2QiOjEsImFtcCI6ZmFsc2V9
whisky00024,アードベッグ,アードベッグ 10年,シングルモルト,46,SCOTCH,10,https://lh3.googleusercontent.com/pw/ACtC-3fSGPon-WmxOcrvwXv9RWQmov6BfhgFqDYXVfqWaMj_bRVtkDC7Eq4chvKEg7SNY8BmcOY2uCJglgBzbv5THk-4IBl0U3IXHT8dtpXiZxohD7f3JzdQZ9mGLg0OdL0oFHHe_P06ytYILfMIG7KAaVHa=w200-h500-no?authuser=2,https://amzn.to/3cAOSVa,https://hb.afl.rakuten.co.jp/ichiba/1d09c097.6686d503.1d09c098.c779b59d/_RTLink11030?pc=https%3A%2F%2Fproduct.rakuten.co.jp%2Fproduct%2F-%2F37a7c48f846b7491c0b71fa904df0082%2F&link_type=hybrid_url&ut=eyJwYWdlIjoiaXRlbSIsInR5cGUiOiJoeWJyaWRfdXJsIiwic2l6ZSI6IjI0MHgyNDAiLCJuYW0iOjEsIm5hbXAiOiJyaWdodCIsImNvbSI6MSwiY29tcCI6ImRvd24iLCJwcmljZSI6MCwiYm9yIjoxLCJjb2wiOjAsImJidG4iOjEsInByb2QiOjEsImFtcCI6ZmFsc2V9
whisky00025,MAKER'S MARK(メーカーズマーク),メーカーズマーク 46,モルト&グレーン,47,AMERICAN,0,https://lh3.googleusercontent.com/pw/ACtC-3cvvMjJiPfxljxEaz_tOUUioTmQMnkqSMoTpJLJB_dZrpOOqpoNAQDsAAcY7KBj0140DVxwt3NKpjKbkWJxPW2xUxxQP6cmwIVuHoMXYNpfDRC-0uw9BQfRNQTs_JIaC7P2UewLypTRc6qMVxqe8wH8=w200-h500-no?authuser=2,https://amzn.to/3j8E5Ej,https://hb.afl.rakuten.co.jp/ichiba/1d09c097.6686d503.1d09c098.c779b59d/_RTLink11030?pc=https%3A%2F%2Fproduct.rakuten.co.jp%2Fproduct%2F-%2F2252493e349b37962ba7fe895b52f244%2F&link_type=hybrid_url&ut=eyJwYWdlIjoiaXRlbSIsInR5cGUiOiJoeWJyaWRfdXJsIiwic2l6ZSI6IjI0MHgyNDAiLCJuYW0iOjEsIm5hbXAiOiJyaWdodCIsImNvbSI6MSwiY29tcCI6ImRvd24iLCJwcmljZSI6MCwiYm9yIjoxLCJjb2wiOjAsImJidG4iOjEsInByb2QiOjEsImFtcCI6ZmFsc2V9
whisky00026,Lagavulin(ラガヴーリン),ラガヴーリン 8年,シングルモルト,48,SCOTCH,8,https://lh3.googleusercontent.com/pw/ACtC-3c2Asv1elBq4cNBafUeXvs7nb7o_9z_eCoVX_Iq7-erW9wikTwspfq_U4LecP0rhQbrvi1pLlTmb1TP8EYCx2fuyHgeOnneVZ_HBgLY5nq4rb4Kb7t7jNbzNsaJtvRNfQWj68CbDSnL1CYaNoxWvZv-=w200-h500-no?authuser=2,https://amzn.to/3cLJOxz,https://hb.afl.rakuten.co.jp/ichiba/1d09c097.6686d503.1d09c098.c779b59d/_RTLink11030?pc=https%3A%2F%2Fproduct.rakuten.co.jp%2Fproduct%2F-%2F6d54412999016ed09c9cfcbb5ef1c7b8%2F&link_type=hybrid_url&ut=eyJwYWdlIjoiaXRlbSIsInR5cGUiOiJoeWJyaWRfdXJsIiwic2l6ZSI6IjI0MHgyNDAiLCJuYW0iOjEsIm5hbXAiOiJyaWdodCIsImNvbSI6MSwiY29tcCI6ImRvd24iLCJwcmljZSI6MCwiYm9yIjoxLCJjb2wiOjAsImJidG4iOjEsInByb2QiOjEsImFtcCI6ZmFsc2V9
whisky00027,アイリッシュ・ミスト,アイリッシュ・ミスト,リキュール,35,SCOTCH,0,https://lh3.googleusercontent.com/pw/ACtC-3cW_x5Y_qZfsheeeVym8ZPJLQjyhPrQ94tzfrVkZT47P3Mbmu70rXmtiA9zjNPDz9rLUpASE3DgyO4XfrA0zWCi-h_xOy3DQAmi8SmlZHszd6uw820KqfDJ_YWwcRDpP8wU_6wNW-RajZreytCi5Kmk=w200-h500-no?authuser=2,https://amzn.to/36ctKne,https://hb.afl.rakuten.co.jp/ichiba/1d09c097.6686d503.1d09c098.c779b59d/_RTLink11030?pc=https%3A%2F%2Fproduct.rakuten.co.jp%2Fproduct%2F-%2F97a9372a9b3015a0354d2277bf6030ba%2F&link_type=hybrid_url&ut=eyJwYWdlIjoiaXRlbSIsInR5cGUiOiJoeWJyaWRfdXJsIiwic2l6ZSI6IjI0MHgyNDAiLCJuYW0iOjEsIm5hbXAiOiJyaWdodCIsImNvbSI6MSwiY29tcCI6ImRvd24iLCJwcmljZSI6MCwiYm9yIjoxLCJjb2wiOjAsImJidG4iOjEsInByb2QiOjEsImFtcCI6ZmFsc2V9
whisky00028,Clynelish(クライヌリッシュ),クライヌリッシュ 14年,シングルモルト,46,SCOTCH,14,https://lh3.googleusercontent.com/pw/ACtC-3ekd9_-8NVpkfLtcq_YNGxyewtzxsP2FUXBIhgtwUwBoC7TlXUdXy5VRhAFgXV5wRREsb7YnBMEFbdUe77It1gSKztQGhK7-E_dqf6P_kK3Io0djyyM99w-ZevlE0ZlN0UzbUne75auR6FGD48JXPBW=w200-h500-no?authuser=2,https://amzn.to/3cDP6Ls,https://hb.afl.rakuten.co.jp/ichiba/1d26258c.330b76c8.1d26258d.0aa71da1/_RTLink11030?pc=https%3A%2F%2Fitem.rakuten.co.jp%2Fyunyuusyu%2F463710%2F&link_type=hybrid_url&ut=eyJwYWdlIjoiaXRlbSIsInR5cGUiOiJoeWJyaWRfdXJsIiwic2l6ZSI6IjI0MHgyNDAiLCJuYW0iOjEsIm5hbXAiOiJyaWdodCIsImNvbSI6MSwiY29tcCI6ImRvd24iLCJwcmljZSI6MCwiYm9yIjoxLCJjb2wiOjAsImJidG4iOjEsInByb2QiOjAsImFtcCI6ZmFsc2V9
whisky00029,ダルモア,ダルモア 12年,シングルモルト,40,SCOTCH,12,https://lh3.googleusercontent.com/pw/ACtC-3e1fWnFgckIcDi-g3-yVE6C-0y7EZe-pjKN9Oxm1e2Qn_cEznRatGicDxkiH3B4wjm_uLEk1d7tBs7K0xygRWL6C0mwe14dowfx0kMwA04qon9IfGeZeefVSsvBYOHD000InODzzm5nEqvs2cg54v7m=w200-h500-no?authuser=2,https://amzn.to/3ibu5bY,https://hb.afl.rakuten.co.jp/ichiba/1d09c097.6686d503.1d09c098.c779b59d/_RTLink11030?pc=https%3A%2F%2Fproduct.rakuten.co.jp%2Fproduct%2F-%2F2f1a18d04d86f1d5a4148f1b18c6452f%2F&link_type=hybrid_url&ut=eyJwYWdlIjoiaXRlbSIsInR5cGUiOiJoeWJyaWRfdXJsIiwic2l6ZSI6IjI0MHgyNDAiLCJuYW0iOjEsIm5hbXAiOiJyaWdodCIsImNvbSI6MSwiY29tcCI6ImRvd24iLCJwcmljZSI6MCwiYm9yIjoxLCJjb2wiOjAsImJidG4iOjEsInByb2QiOjEsImFtcCI6ZmFsc2V9
whisky00030,Dalwhinnie(ダルウィニ-),ダルウィニー 15年,シングルモルト,43,SCOTCH,15,https://lh3.googleusercontent.com/pw/ACtC-3dekAXLQ6MMlK56lEq6dLE6TpIGj1a4lJV2Zy7smr6QNpSKvKOa3dFCKrPaKRiYKZoVxlSWAdk4LImHpJfdTdlagWikZPCW-2FO8m_PR173FyiZDOWYJBzhzKDNtiAoFo8oL_mw39qKLwQRvXJP30zZ=w200-h500-no?authuser=2,https://amzn.to/3czj8jj,https://hb.afl.rakuten.co.jp/ichiba/1d09c097.6686d503.1d09c098.c779b59d/_RTLink11030?pc=https%3A%2F%2Fproduct.rakuten.co.jp%2Fproduct%2F-%2F87ed2c255460ef314299669ab31cbf0c%2F&link_type=hybrid_url&ut=eyJwYWdlIjoiaXRlbSIsInR5cGUiOiJoeWJyaWRfdXJsIiwic2l6ZSI6IjI0MHgyNDAiLCJuYW0iOjEsIm5hbXAiOiJyaWdodCIsImNvbSI6MSwiY29tcCI6ImRvd24iLCJwcmljZSI6MCwiYm9yIjoxLCJjb2wiOjAsImJidG4iOjEsInByb2QiOjEsImFtcCI6ZmFsc2V9
whisky00031,グレンオード,ザ・シングルトン・オブ・グレンオード 12年,シングルモルト,40,SCOTCH,12,https://lh3.googleusercontent.com/pw/ACtC-3dFXeCViLe0tIPC2tTwAD9dKwYTay-bDD3CS9sbjgNAIsEMRPtw5sOtOJ2Uqwj2N0RT4BTJwR81QeO1wf6lhg8bjJUFTEUkn7uJTj9zHgIS2AM_KflEpVexMmzyAQrB80ExWjhJaFxcWOvZ89VxBfol=w200-h500-no?authuser=2,https://amzn.to/334N0ko,-
whisky00032,Old Pulteney(オールドプルトニー),オールド・プルトニー12年,シングルモルト,40,SCOTCH,12,https://lh3.googleusercontent.com/pw/ACtC-3cL5hB3tCy0L4tm87pyexZFsjxYYyOLxeumbkgq7rygulg2p_VtDhEvMELaCnD5VEXeFt1AV8O4mJmcbQ1F8KX9TpvSYeu8a0yklNYC0FIHLZmr3rY9RrgFcbolid3E2Alo16j351Rv2IyjiwMeyPU0=w200-h500-no?authuser=2,https://amzn.to/3mPbCp8,https://hb.afl.rakuten.co.jp/ichiba/1d09c097.6686d503.1d09c098.c779b59d/_RTLink11030?pc=https%3A%2F%2Fproduct.rakuten.co.jp%2Fproduct%2F-%2F75829c845241cb8d07db359a5901a740%2F&link_type=hybrid_url&ut=eyJwYWdlIjoiaXRlbSIsInR5cGUiOiJoeWJyaWRfdXJsIiwic2l6ZSI6IjI0MHgyNDAiLCJuYW0iOjEsIm5hbXAiOiJyaWdodCIsImNvbSI6MSwiY29tcCI6ImRvd24iLCJwcmljZSI6MCwiYm9yIjoxLCJjb2wiOjAsImJidG4iOjEsInByb2QiOjEsImFtcCI6ZmFsc2V9
whisky00033,ROYAL BRACKLA(ロイヤル・ブラックラ),ロイヤル・ブラックラ 12年,モルト&グレーン,40,SCOTCH,12,https://lh3.googleusercontent.com/pw/ACtC-3f3i4bUji5ume1u0WV0snLhyXDIBJBQ1TI8aZrzXtKX_1nUjktrQYtyvD2F9_GKpzECsue1GgzweCsLDuZNgYdQaRw37GIbO0f9IW2tvy0sUmfvRo7grwxxOQhPRKpVLJ5YdRc16q3Tfcqq7_xwzpD7=w200-h500-no?authuser=2,https://amzn.to/2EGdVK6,https://hb.afl.rakuten.co.jp/ichiba/1d09c097.6686d503.1d09c098.c779b59d/_RTLink11030?pc=https%3A%2F%2Fproduct.rakuten.co.jp%2Fproduct%2F-%2F13bd6dbd6281e6a8aa40752d36722a3f%2F&link_type=hybrid_url&ut=eyJwYWdlIjoiaXRlbSIsInR5cGUiOiJoeWJyaWRfdXJsIiwic2l6ZSI6IjI0MHgyNDAiLCJuYW0iOjEsIm5hbXAiOiJyaWdodCIsImNvbSI6MSwiY29tcCI6ImRvd24iLCJwcmljZSI6MCwiYm9yIjoxLCJjb2wiOjAsImJidG4iOjEsInByb2QiOjEsImFtcCI6ZmFsc2V9
whisky00034,スペイサイド,スペイサイド 17年,シングルモルト,49,SCOTCH,17,https://lh3.googleusercontent.com/pw/ACtC-3f0grpyFBD2O9-Jhabkmj-fy0e0jbHyjHRQHU5LwwZtLr1cd8rGwPaHjyTP48MWtONzOZPLcTxbwQF8q2Gw9pBvIQWvx7PR077om-i7ycUBnBDXHAy6vV0bGYohC5Xp7865Q0z2nSr49zWb2eurbQzL=w200-h500-no?authuser=2,https://amzn.to/3i5e33u,-
whisky00035,ティーニニック,ティーニニック 10年,シングルモルト,43,SCOTCH,10,https://lh3.googleusercontent.com/pw/ACtC-3fz2SqCYVkCVDN2vYuFS4jlMMyVeR1v75VaRZRqbOXNOj33tgisWv-ixApHYraB7wXTi5xkPVHgbqbZ0nnejNBBQlbHG2-kFz6rfiRnreFzfwn0lkMA2PRmvepOCYTJKezrg1XNKZZRsjDRVnQOnpqL=w200-h500-no?authuser=2,https://amzn.to/3mYoc5q,https://hb.afl.rakuten.co.jp/ichiba/1d09c097.6686d503.1d09c098.c779b59d/_RTLink11030?pc=https%3A%2F%2Fproduct.rakuten.co.jp%2Fproduct%2F-%2F08c36055b56548707f06c9e9016c688a%2F&link_type=hybrid_url&ut=eyJwYWdlIjoiaXRlbSIsInR5cGUiOiJoeWJyaWRfdXJsIiwic2l6ZSI6IjI0MHgyNDAiLCJuYW0iOjEsIm5hbXAiOiJyaWdodCIsImNvbSI6MSwiY29tcCI6ImRvd24iLCJwcmljZSI6MCwiYm9yIjoxLCJjb2wiOjAsImJidG4iOjEsInByb2QiOjEsImFtcCI6ZmFsc2V9
whisky00036,TOMATIN,トマーティン レガシー,シングルモルト,43,SCOTCH,0,https://lh3.googleusercontent.com/pw/ACtC-3fpt3nd_hM7bHhvMm-zO6Uj2-OrMj6XMaFSxexY1POcQ3BOZOdf-yUdxfVdlUnnqT9bHm8SsCWKd3ewPnSO-d6t1ZlToMtnwkLzKryYObw0_V6MPufkoWEntisRBhD6QByod3V45_4QldOMUvu_2qPy=w200-h500-no?authuser=2,https://amzn.to/3j8CQ7V,https://hb.afl.rakuten.co.jp/ichiba/1d09c097.6686d503.1d09c098.c779b59d/_RTLink11030?pc=https%3A%2F%2Fproduct.rakuten.co.jp%2Fproduct%2F-%2Ffba24a540c98d6c4e0b699da65473a39%2F&link_type=hybrid_url&ut=eyJwYWdlIjoiaXRlbSIsInR5cGUiOiJoeWJyaWRfdXJsIiwic2l6ZSI6IjI0MHgyNDAiLCJuYW0iOjEsIm5hbXAiOiJyaWdodCIsImNvbSI6MSwiY29tcCI6ImRvd24iLCJwcmljZSI6MCwiYm9yIjoxLCJjb2wiOjAsImJidG4iOjEsInByb2QiOjEsImFtcCI6ZmFsc2V9
whisky00037,BACARDI(バカルディ),アバフェルディ 12年,モルト&グレーン,40,SCOTCH,12,https://lh3.googleusercontent.com/pw/ACtC-3eQa-BDbdLffcwI7Re6FzfTyrOban7VAyMzk5cHRFWMLIpe067O4minXJg2NxoQDEFPTe4qLq8llJsjWBGGiAr3BvGrgrkMHyRhbH72p7o4S28c97PFF35ERjfXNR4yLHtTlSZO95UF6ac4VWFpRF50=w200-h500-no?authuser=2,https://amzn.to/36ih5Pk,https://hb.afl.rakuten.co.jp/ichiba/1d09c097.6686d503.1d09c098.c779b59d/_RTLink11030?pc=https%3A%2F%2Fproduct.rakuten.co.jp%2Fproduct%2F-%2Feb16df5fbec31ede2e8ac7d88af01422%2F&link_type=hybrid_url&ut=eyJwYWdlIjoiaXRlbSIsInR5cGUiOiJoeWJyaWRfdXJsIiwic2l6ZSI6IjI0MHgyNDAiLCJuYW0iOjEsIm5hbXAiOiJyaWdodCIsImNvbSI6MSwiY29tcCI6ImRvd24iLCJwcmljZSI6MCwiYm9yIjoxLCJjb2wiOjAsImJidG4iOjEsInByb2QiOjEsImFtcCI6ZmFsc2V9
whisky00038,ブレアアソール,ブレアアソール 12年 花と動物,シングルモルト,43,SCOTCH,12,https://lh3.googleusercontent.com/pw/ACtC-3f8jP_ksLscbRZ4djdHm1D9SmrWUjYOx8yHO89XLVpD_LzHP2E4O1Orf3FRLUJ9PBb3B1wazHCwRFhLoGTzDdY9TePqHvmjJO3Re7BDSY3plf9IOQNukIKTUvMHkqslLnTPrJREeCK-xh7Q8N1RzxQ3=w200-h500-no?authuser=2,https://amzn.to/367qcTb,https://hb.afl.rakuten.co.jp/ichiba/1d09c097.6686d503.1d09c098.c779b59d/_RTLink11030?pc=https%3A%2F%2Fproduct.rakuten.co.jp%2Fproduct%2F-%2F06428b40083a30628c664eed5ea8b141%2F&link_type=hybrid_url&ut=eyJwYWdlIjoiaXRlbSIsInR5cGUiOiJoeWJyaWRfdXJsIiwic2l6ZSI6IjI0MHgyNDAiLCJuYW0iOjEsIm5hbXAiOiJyaWdodCIsImNvbSI6MSwiY29tcCI6ImRvd24iLCJwcmljZSI6MCwiYm9yIjoxLCJjb2wiOjAsImJidG4iOjEsInByb2QiOjEsImFtcCI6ZmFsc2V9
whisky00039,ディーンストン,ディーンストン 12年,シングルモルト,46,SCOTCH,12,https://lh3.googleusercontent.com/pw/ACtC-3f9-bvWLQrODva-s0_vjqFhf4obsdoPqsVD2w0bmXTi-YoLyyCRjRRAqfmMSSRa_d-SqiGcxKiWIjeiLaLJR7SjbE1CrhOTl_h3_HrkNs-S55ih90DArlVeMl2gBm7_gbpTewuk6F_T2tJSRO-BdMx7=w200-h500-no?authuser=2,https://amzn.to/3mUUK0j,https://hb.afl.rakuten.co.jp/ichiba/1d09c097.6686d503.1d09c098.c779b59d/_RTLink11030?pc=https%3A%2F%2Fproduct.rakuten.co.jp%2Fproduct%2F-%2F11b9a1c16570adae48df2dca41b8940b%2F&link_type=hybrid_url&ut=eyJwYWdlIjoiaXRlbSIsInR5cGUiOiJoeWJyaWRfdXJsIiwic2l6ZSI6IjI0MHgyNDAiLCJuYW0iOjEsIm5hbXAiOiJyaWdodCIsImNvbSI6MSwiY29tcCI6ImRvd24iLCJwcmljZSI6MCwiYm9yIjoxLCJjb2wiOjAsImJidG4iOjEsInByb2QiOjEsImFtcCI6ZmFsc2V9
whisky00040,エドラダワー,エドラダワー 10年,シングルモルト,40,SCOTCH,10,https://lh3.googleusercontent.com/pw/ACtC-3eu6Iv0PlcyD9y2DFVuHhjkTjZQvXvHe7yOPjQ18x6A1TXbaLA4vxUY3xkayZIwLy9toKGS1FV3YfsWgvS23pV4XU3Wh3R9HKs2j2fitvcSjYy3PPKuwJMAMK0epaaHmQWVBp8-qy9EnhGCquRqXxRk=w200-h500-no?authuser=2,https://amzn.to/2HslYLo,https://hb.afl.rakuten.co.jp/ichiba/1d09c097.6686d503.1d09c098.c779b59d/_RTLink11030?pc=https%3A%2F%2Fproduct.rakuten.co.jp%2Fproduct%2F-%2F54aff74061a1ba6604f1347b85931fef%2F&link_type=hybrid_url&ut=eyJwYWdlIjoiaXRlbSIsInR5cGUiOiJoeWJyaWRfdXJsIiwic2l6ZSI6IjI0MHgyNDAiLCJuYW0iOjEsIm5hbXAiOiJyaWdodCIsImNvbSI6MSwiY29tcCI6ImRvd24iLCJwcmljZSI6MCwiYm9yIjoxLCJjb2wiOjAsImJidG4iOjEsInByb2QiOjEsImFtcCI6ZmFsc2V9
whisky00041,グレンゴイン,グレンゴイン 10年,シングルモルト,40,SCOTCH,10,https://lh3.googleusercontent.com/pw/ACtC-3eLqwDG0pVFweEBELuw8LG6GvjFXBrNcKwb0FGSounMP1LR5q-vWr7NlhaNUAdJeJyDH_jnSrGwairtH8iV1oPiFcyyHnEAKnr8zCbmX3InTvzKG_3j71UECrq_rRyuqLZfJ3a_cSMTbyB9-gkUph2R=w200-h500-no?authuser=2,https://amzn.to/2S5Ebk0,https://hb.afl.rakuten.co.jp/ichiba/1d09c097.6686d503.1d09c098.c779b59d/_RTLink11030?pc=https%3A%2F%2Fproduct.rakuten.co.jp%2Fproduct%2F-%2F1d0c8a66bd38f289a894e8945a2f9f30%2F&link_type=hybrid_url&ut=eyJwYWdlIjoiaXRlbSIsInR5cGUiOiJoeWJyaWRfdXJsIiwic2l6ZSI6IjI0MHgyNDAiLCJuYW0iOjEsIm5hbXAiOiJyaWdodCIsImNvbSI6MSwiY29tcCI6ImRvd24iLCJwcmljZSI6MCwiYm9yIjoxLCJjb2wiOjAsImJidG4iOjEsInByb2QiOjEsImFtcCI6ZmFsc2V9
whisky00042,グレンタレット,グレンタレット トリプルウッドエディション,シングルモルト,43,SCOTCH,0,https://lh3.googleusercontent.com/pw/ACtC-3fEQS00ywcht8Kh0YOUD26WXyI_o10ql1SvV8-y4745VUf0ertUO5V7qgdl5UN8l3jGmv4mcjJAKpkZlrsvlP_ljuONK0RcBaqtTBtGG0AkVCjh0SJa5IykhY2nr9Mqfm1ealy396XbuNwwKVI0ryss=w200-h500-no?authuser=2,https://amzn.to/3mRzIjf,https://hb.afl.rakuten.co.jp/ichiba/1d09c097.6686d503.1d09c098.c779b59d/_RTLink11030?pc=https%3A%2F%2Fproduct.rakuten.co.jp%2Fproduct%2F-%2F2320bf840a3c33a20069735e6206619a%2F&link_type=hybrid_url&ut=eyJwYWdlIjoiaXRlbSIsInR5cGUiOiJoeWJyaWRfdXJsIiwic2l6ZSI6IjI0MHgyNDAiLCJuYW0iOjEsIm5hbXAiOiJyaWdodCIsImNvbSI6MSwiY29tcCI6ImRvd24iLCJwcmljZSI6MCwiYm9yIjoxLCJjb2wiOjAsImJidG4iOjEsInByb2QiOjEsImFtcCI6ZmFsc2V9
whisky00043,タリバディーン,タリバーディン ソヴリン,シングルモルト,43,SCOTCH,0,https://lh3.googleusercontent.com/pw/ACtC-3cJjXi-jQ4Rd5xvv8Z8hXOoT3Q_Jn4hJ__H8I210oMy5JwLqglkCcQ3DJQSdDTWIpSKPpO6HDhSMsPPG61Z_L9ox2GwM0slNA2fsPm9MpzUTYZ8J8lGYlKH0nbwfrV3H2hngjkTMtMAEz76Y1Fa2T8w=w200-h500-no?authuser=2,https://amzn.to/2FW5A5H,-
whisky00044,アードモア,アードモア レガシー,シングルモルト,40,SCOTCH,0,https://lh3.googleusercontent.com/pw/ACtC-3dvx6o1RiBKN1g3y4hU6ziYWp6UiX3LwsvV2Ouh3LDUIjX8oNIP63_EdNbWTqD0z6fYJnFaotLZvTzQStKBVfDdmEt5InH-8ImRJGpd2mSWKGOnbabcb9nzZA8ylm-MTDzpkM3IaUBfhe4uRd1Y3U9z=w200-h500-no,https://amzn.to/3mXakbP,https://lh3.googleusercontent.com/pw/ACtC-3fNYnufc_TIdCN9sVyflbclgx9hgQF_dhbh-i64yQOPnQsY9A8xKcmzO6JYb3dXkW24S54I6Kpx4SyUnp8ZokNJXFLZYVIYQIOa9FkpUN_Fx0Di16YdaJoHxk5B6Y1KRxAiUC-4mwy5QdOiMewbHZB9=w200-h500-no?authuser=2
whisky00045,フェッターケイアン,フェッターケイアン フィオール,シングルモルト,42,SCOTCH,0,https://lh3.googleusercontent.com/pw/ACtC-3dJP3-ITtfG9NBAqHkfQE2gCE5pcqdWzc0F2_NsuFl2v1riwlKKf9CZ1ke-ml5A3AqpPndH24LLZwPD9qN0Lu-6g62x2CqKsSJxiJomaOAkgB01u3garYAfdVyDFANw7a3J1FzUVqZx5ERNQbC_5MvG=w200-h500-no?authuser=2,https://amzn.to/2G5ZRdl,https://hb.afl.rakuten.co.jp/ichiba/1d09c097.6686d503.1d09c098.c779b59d/_RTLink11030?pc=https%3A%2F%2Fproduct.rakuten.co.jp%2Fproduct%2F-%2F481552320f72d695eae000a3136f851b%2F&link_type=hybrid_url&ut=eyJwYWdlIjoiaXRlbSIsInR5cGUiOiJoeWJyaWRfdXJsIiwic2l6ZSI6IjI0MHgyNDAiLCJuYW0iOjEsIm5hbXAiOiJyaWdodCIsImNvbSI6MSwiY29tcCI6ImRvd24iLCJwcmljZSI6MCwiYm9yIjoxLCJjb2wiOjAsImJidG4iOjEsInByb2QiOjEsImFtcCI6ZmFsc2V9
whisky00046,DEWARS(デュワーズ),デュワーズ ホワイトラベル,モルト&グレーン,40,SCOTCH,0,https://lh3.googleusercontent.com/pw/ACtC-3d9WzKIXtjRHgoKGUNZRgLVystr_I_J3pDFavcM2ho2MaRk8lLxh5B0D6twAIdyZ7K5DUB9p06DaSZJRbMg84ymRLDS6U8_SU4q0NGsriwzTjM9XtRuT-CXUBzHgxSY8rANIy6O5Ou9_l1US47VeH2L=w200-h500-no?authuser=2,https://amzn.to/3kR6yyS,https://hb.afl.rakuten.co.jp/ichiba/1d09c097.6686d503.1d09c098.c779b59d/_RTLink11030?pc=https%3A%2F%2Fproduct.rakuten.co.jp%2Fproduct%2F-%2F79bc4200bffa272e113a3a05a08470a4%2F&link_type=hybrid_url&ut=eyJwYWdlIjoiaXRlbSIsInR5cGUiOiJoeWJyaWRfdXJsIiwic2l6ZSI6IjI0MHgyNDAiLCJuYW0iOjEsIm5hbXAiOiJyaWdodCIsImNvbSI6MSwiY29tcCI6ImRvd24iLCJwcmljZSI6MCwiYm9yIjoxLCJjb2wiOjAsImJidG4iOjEsInByb2QiOjEsImFtcCI6ZmFsc2V9
whisky00047,TEACHER'S(ティーチャーズ),ティーチャーズ ハイランド クリーム,モルト&グレーン,40,SCOTCH,0,https://lh3.googleusercontent.com/pw/ACtC-3fqdotATUPzQ6cvZqi8-gqST94mxfoceHO-oQJ6-UcrcbZcoTXQusTrbDOZze2sfw73TN-tBcuoYv-qsh1nnzuXsiTuDkgw2VaAQUWm3rmUJb0WqmYWdVdNGSz6WEMYrTbZZsArNfZ_r3xC8qtfSMdI=w200-h500-no?authuser=2,https://amzn.to/2GmZI50,https://hb.afl.rakuten.co.jp/ichiba/1d09c097.6686d503.1d09c098.c779b59d/_RTLink11030?pc=https%3A%2F%2Fproduct.rakuten.co.jp%2Fproduct%2F-%2F40ecce8edc7dfd4ba0df268df21f8231%2F&link_type=hybrid_url&ut=eyJwYWdlIjoiaXRlbSIsInR5cGUiOiJoeWJyaWRfdXJsIiwic2l6ZSI6IjI0MHgyNDAiLCJuYW0iOjEsIm5hbXAiOiJyaWdodCIsImNvbSI6MSwiY29tcCI6ImRvd24iLCJwcmljZSI6MCwiYm9yIjoxLCJjb2wiOjAsImJidG4iOjEsInByb2QiOjEsImFtcCI6ZmFsc2V9
whisky00048,BALLANTINE(バランタイン),バランタイン ファイネスト,モルト&グレーン,40,SCOTCH,0,https://lh3.googleusercontent.com/pw/ACtC-3dHVYPxJ5iZ4_QxVhZOb_M-dwwl95wY3tuzKbVOPWL2fy7UUIjyoOs-xbfxnPdptRqUBGPrIhX9x-KeKudbssorcY2yk9jre0J2IzrkO-uIXGCf3zoBCgrozIsd7vaMuba3WRUZkUekyqjUW0wj62kc=w200-h500-no?authuser=2,https://amzn.to/33cdosF,https://hb.afl.rakuten.co.jp/ichiba/1d09c097.6686d503.1d09c098.c779b59d/_RTLink11030?pc=https%3A%2F%2Fproduct.rakuten.co.jp%2Fproduct%2F-%2F46269175eb082815e1c0ef80924aac3b%2F&link_type=hybrid_url&ut=eyJwYWdlIjoiaXRlbSIsInR5cGUiOiJoeWJyaWRfdXJsIiwic2l6ZSI6IjI0MHgyNDAiLCJuYW0iOjEsIm5hbXAiOiJyaWdodCIsImNvbSI6MSwiY29tcCI6ImRvd24iLCJwcmljZSI6MCwiYm9yIjoxLCJjb2wiOjAsImJidG4iOjEsInByb2QiOjEsImFtcCI6ZmFsc2V9
whisky00049,Chivas Regal (シーバスリーガル),シーバスリーガル ミズナラ 12年,モルト&グレーン,40,SCOTCH,12,https://lh3.googleusercontent.com/pw/ACtC-3eRUlU4CrM9d8WJ-Mug9m2TGpLTSlcg0kFxKRLlVhYAACaBM57NKR0fSubC85guqCLSnite2_SLW53ZuAz2BCxObco0UsVp-CX5wmXN6vONCBRX8rBc4AW3bW5iWU5Ji7hcHTYWfLSErvQ5R5uWSQQW=w200-h500-no?authuser=2,https://amzn.to/3l3sR4x,https://hb.afl.rakuten.co.jp/ichiba/1d09c097.6686d503.1d09c098.c779b59d/_RTLink11030?pc=https%3A%2F%2Fproduct.rakuten.co.jp%2Fproduct%2F-%2F466f1ea6e31502434742bd43113bfde9%2F&link_type=hybrid_url&ut=eyJwYWdlIjoiaXRlbSIsInR5cGUiOiJoeWJyaWRfdXJsIiwic2l6ZSI6IjI0MHgyNDAiLCJuYW0iOjEsIm5hbXAiOiJyaWdodCIsImNvbSI6MSwiY29tcCI6ImRvd24iLCJwcmljZSI6MCwiYm9yIjoxLCJjb2wiOjAsImJidG4iOjEsInByb2QiOjEsImFtcCI6ZmFsc2V9
whisky00050,CUTTY SARK(カティサーク),カティサーク オリジナル,モルト&グレーン,40,SCOTCH,0,https://lh3.googleusercontent.com/pw/ACtC-3d1irhcW3_HB5C4TfAcCJcYi58CrlXHYvMimz5PGZTjBC-WVa8zID5mAZtawg5xANUe_HPxCm6835loXSbYJsxPeO93QT93gRLiyZvFTS9E2h9VOIxVaJ42tAg3YmNvpXQBbYiXoaNiYZ9xa8AW9rV1=w200-h500-no?authuser=2,https://amzn.to/3n1NAaA,https://hb.afl.rakuten.co.jp/ichiba/1d09c097.6686d503.1d09c098.c779b59d/_RTLink11030?pc=https%3A%2F%2Fproduct.rakuten.co.jp%2Fproduct%2F-%2Fe2698ba9575deba3f67fb2f214ebef39%2F&link_type=hybrid_url&ut=eyJwYWdlIjoiaXRlbSIsInR5cGUiOiJoeWJyaWRfdXJsIiwic2l6ZSI6IjI0MHgyNDAiLCJuYW0iOjEsIm5hbXAiOiJyaWdodCIsImNvbSI6MSwiY29tcCI6ImRvd24iLCJwcmljZSI6MCwiYm9yIjoxLCJjb2wiOjAsImJidG4iOjEsInByb2QiOjEsImFtcCI6ZmFsc2V9